,word,num
0,股份,2263
1,资产,2030
2,购买,1513
3,发行,1458
4,暨,1294
5,交易,1294
6,关联,1287
7,资金,1079
8,募集,1052
9,配套,891
10,报告书,873
11,有限公司,855
12,公司,625
13,报告,561
14,修订稿,545
15,支付现金,537
16,草案,497
17,公告,349
18,证券,340
19,独立,316
20,财务顾问,309
21,评估,296
22,摘要,254
23,项目,244
24,预案,198
25,投资,198
26,置换,195
27,拟,183
28,股权,180
29,有限责任,161
30,ST,159
31,集团,154
32,法律,146
33,意见,144
34,事务所,138
35,律师,135
36,涉及,135
37,收购,135
38,出售,126
39,意见书,124
40,科技,123
41,公开,118
42,资产重组,116
43,股东,111
44,权益,109
45,控股,100
46,子公司,99
47,价值,94
48,非,86
49,合并,84
50,北京市,83
51,回复,82
52,年度,81
53,中,77
54,核查,70
55,能源,69
56,西部,67
57,情况,66
58,对外,65
59,专项,62
60,中国,61
61,重组,60
62,电子,59
63,PDF,59
64,重庆,58
65,开发,57
66,问询,57
67,可行性,57
68,吸收,56
69,补充,54
70,发行股票,54
71,高新,52
72,北部湾,52
73,_.,50
74,全资,49
75,药业,49
76,持有,48
77,税收,48
78,分析,48
79,国创,47
80,特定,47
81,新材,47
82,对象,46
83,反馈,46
84,函,45
85,换股,43
86,四川,43
87,发展,43
88,新疆,42
89,矿业,42
90,北京,41
91,优惠政策,40
92,建设,40
93,设立,39
94,享受,39
95,深圳证券交易所,38
96,集团股份,37
97,上海,36
98,资源,36
99,存放,36
100,化工,36
101,银星,35
102,变更,35
103,港,35
104,新,34
105,电力,33
106,生物,32
107,国际,32
108,三维,31
109,审计报告,31
110,成都,31
111,转让,31
112,电器,30
113,广西,30
114,联合,30
115,四通,30
116,相关,28
117,宁夏,28
118,陕西,28
119,建投,28
120,华泰,27
121,中信,26
122,年,26
123,物流,26
124,广发,25
125,金杜,25
126,申请,25
127,传媒,25
128,长城,24
129,路桥,24
130,西安,24
131,白云,23
132,超募,23
133,航天,23
134,兴业,23
135,签订,23
136,增资,23
137,财务报表,23
138,股票,23
139,A股,23
140,浙江,23
141,文件,23
142,招商,23
143,德,22
144,四川双马,22
145,防城港,22
146,环保,21
147,天城,21
148,南洋,21
149,协议,21
150,制药,21
151,西南,21
152,云南,21
153,东方,21
154,久联,21
155,国泰君安证券股份有限公司,21
156,信息,20
157,得润,20
158,康盛,20
159,泰,20
160,现金,20
161,年月日,20
162,中伦,20
163,事项,19
164,通信,19
165,中铝,19
166,风电,19
167,五洲,19
168,传播,19
169,北海港,19
170,可行性研究,19
171,青海,19
172,科技股份,19
173,中信证券,18
174,国泰,18
175,共达,18
176,电声,18
177,定向,18
178,实施,18
179,华闻,18
180,审核,18
181,拟非,17
182,经营,17
183,钢研,17
184,高纳,17
185,星湖,17
186,江南,17
187,生化,17
188,南方电网,17
189,备考,17
190,投,17
191,民生,16
192,广夏,16
193,朝华,16
194,化学,16
195,下属,16
196,三毛,16
197,贵州,16
198,甘肃,15
199,类,15
200,海格,15
201,鉴证,15
202,合同,15
203,港务,15
204,新春,15
205,三峡,15
206,新宁,15
207,工程,15
208,派神,15
209,鹏欣,15
210,高速,14
211,艾迪,14
212,西,14
213,中航,14
214,康达,14
215,水泥,14
216,融资,14
217,进展,14
218,增发,14
219,修订版,14
220,签订合同,14
221,城建,14
222,安信,14
223,用途,14
224,务,14
225,桐君阁,14
226,通威,14
227,围海,14
228,内蒙古,14
229,唐,14
230,山港,14
231,博瑞,14
232,京蓝,14
233,朗科,14
234,华北,13
235,招商局,13
236,公路,13
237,网络科技,13
238,电气,13
239,锌,13
240,机械,13
241,民爆,13
242,国信,13
243,实业,13
244,金叶,13
245,渝,13
246,预测,13
247,广东,13
248,签署,13
249,建峰,13
250,天地,13
251,鄂尔多斯,13
252,光电,13
253,鼎泰新材,12
254,技术,12
255,材料,12
256,汽车,12
257,环境,12
258,回购,12
259,聚友,12
260,拟以,12
261,霞客,12
262,盈利,12
263,中铁二局,12
264,董事会,12
265,旅游,12
266,迪康,12
267,振华,12
268,沃森,11
269,北化,11
270,框架,11
271,会计,11
272,美罗,11
273,优惠,11
274,动力,11
275,盐湖,11
276,君合,11
277,海通,11
278,生态,11
279,圣阳,11
280,七喜,11
281,函之,11
282,蓝丰,11
283,涪陵,11
284,码头,11
285,发电,11
286,天龙,11
287,飞乐,11
288,国浩,10
289,煤业,10
290,精机,10
291,前次,10
292,丽鹏,10
293,长江,10
294,智慧,10
295,林业,10
296,更新,10
297,湖北,10
298,宜化,10
299,梅花,10
300,智能,10
301,转换,10
302,公司债券,10
303,锡业股份,10
304,金材,10
305,美尚,10
306,健康,10
307,榨菜,10
308,桂冠,10
309,月,10
310,节能,10
311,水电,10
312,新华,10
313,贤成,10
314,时代,10
315,天然气,10
316,东旭,10
317,上海证券交易所,10
318,磁材,10
319,广州,10
320,大唐,9
321,露天,9
322,城投,9
323,长峰,9
324,长城电脑,9
325,信息产业,9
326,赣州,9
327,光正,9
328,升达,9
329,威远,9
330,担保,9
331,食品,9
332,神,9
333,广博,9
334,新增,9
335,天山,9
336,靖远,9
337,雅致,9
338,电广传媒,9
339,优先股,9
340,华贸,9
341,百货,9
342,园林,9
343,路翔,9
344,恒泰艾普,9
345,航空,9
346,健盛,9
347,正泰,9
348,电建,9
349,台基,9
350,希望,9
351,江粉,9
352,盛屯,9
353,丽江,9
354,供销,9
355,大集,9
356,宗申,9
357,新研,8
358,行政许可,8
359,高科,8
360,稀土,8
361,石油,8
362,济柴,8
363,上海市,8
364,拟向,8
365,调整,8
366,天华,8
367,SST,8
368,西北,8
369,兴化,8
370,唐人,8
371,电投,8
372,赛为,8
373,龙洲,8
374,煤电,8
375,宜华,8
376,华联,8
377,负债,8
378,海立,8
379,常宝,8
380,浙商,8
381,达,8
382,天康,8
383,华东,8
384,南极,8
385,电商,8
386,湖南,8
387,中铁,8
388,和晶,7
389,国枫,7
390,S,7
391,服务,7
392,东诚,7
393,上市,7
394,特锐,7
395,隆平,7
396,二次,7
397,锦,7
398,天,7
399,曲轴,7
400,产业,7
401,披露,7
402,万吨,7
403,东兴,7
404,模拟,7
405,高金,7
406,院,7
407,恒泰,7
408,实达,7
409,钒,7
410,钛,7
411,钾肥,7
412,神剑,7
413,广誉,7
414,远,7
415,花旗,7
416,深圳,7
417,太阳鸟,7
418,钢铁,7
419,软件,7
420,科,7
421,集友,7
422,赤天化,7
423,广汇,7
424,凯撒,7
425,保荐,7
426,置,7
427,橡胶制品,7
428,外运发展,7
429,外运,7
430,四通集团,7
431,太原,7
432,刚玉,7
433,产业园,7
434,美盈森,7
435,秦岭,7
436,大地,7
437,建机,7
438,宏源证券,7
439,步步高,7
440,蓝色,7
441,光标,7
442,北,7
443,建材,7
444,万讯,7
445,自控,7
446,永生,7
447,澄星,7
448,宇顺,7
449,雷鸣,7
450,科化,7
451,制造,7
452,神州,6
453,易桥,6
454,计划,6
455,京能,6
456,天元,6
457,电缆,6
458,天创,6
459,时尚,6
460,东吴,6
461,国富,6
462,松德,6
463,天润,6
464,中科,6
465,电,6
466,江西,6
467,年产,6
468,驰宏,6
469,锗,6
470,工业,6
471,珠峰,6
472,华智,6
473,雅克,6
474,格,6
475,科学城,6
476,深,6
477,钨,6
478,华仁,6
479,南宁,6
480,管理,6
481,海际,6
482,铁路,6
483,用于,6
484,金科,6
485,审查,6
486,止,6
487,首航,6
488,华信,6
489,群兴,6
490,玩具,6
491,北方,6
492,交运,6
493,成飞,6
494,珈,6
495,伟,6
496,珠宝,6
497,太光,5
498,神州数码,5
499,华泽,5
500,钴,5
501,镍,5
502,分立,5
503,先河,5
504,天健,5
505,青岛,5
506,拉法基,5
507,西藏,5
508,文化,5
509,英华,5
510,河北,5
511,罗平,5
512,本次,5
513,天成,5
514,政策,5
515,方式,5
516,财信,5
517,确认,5
518,华源,5
519,修订,5
520,祁连山,5
521,昆明,5
522,苏,5
523,大维,5
524,金瑞,5
525,国电,5
526,摩根士丹利,5
527,华鑫,5
528,宏达,5
529,新文化,5
530,中标,5
531,热电,5
532,更正,5
533,拟定,5
534,南宁糖业,5
535,王子,5
536,酒泉,5
537,西藏天路,5
538,华邦颖泰,5
539,嘉源,5
540,黄,5
541,马甲,5
542,物流配送,5
543,扩股,5
544,雨虹,5
545,平潭,5
546,企业,5
547,建设项目,5
548,燃气,5
549,环球,5
550,东源,5
551,重庆市,5
552,银亿,5
553,江苏,5
554,中联,5
555,竞,5
556,天公,5
557,诚,5
558,电器设备,5
559,爆破,5
560,八菱,5
561,生产,5
562,长信,5
563,事宜,5
564,内蒙,5
565,华电,5
566,风力,5
567,德新,5
568,存储,5
569,光华,5
570,金通,5
571,灵,5
572,集成,5
573,中外运,5
574,空运,5
575,奥拓,5
576,纺织,4
577,青龙,4
578,管业,4
579,传化,4
580,金属,4
581,阳晨,4
582,盈峰,4
583,装备,4
584,天壕,4
585,安徽,4
586,山南,4
587,对光,4
588,正,4
589,前,4
590,拟置,4
591,江海,4
592,天银,4
593,持,4
594,华龙,4
595,合资,4
596,卫士,4
597,通,4
598,计算机,4
599,再生资源,4
600,云煤,4
601,大红,4
602,山,4
603,管道,4
604,明胶,4
605,肇庆,4
606,国电电力,4
607,乳业,4
608,承销,4
609,迪马,4
610,集团公司,4
611,人民政府,4
612,华新,4
613,收到,4
614,新区,4
615,通知书,4
616,期间,4
617,节余,4
618,光伏,4
619,电站,4
620,合作,4
621,国都,4
622,银润,4
623,柯利达,4
624,绿一,4
625,小康,4
626,宁东,4
627,开元,4
628,审阅,4
629,国投,4
630,华商,4
631,世纪,4
632,双汇发展,4
633,凯迪,4
634,斯伍德,4
635,嘉陵,4
636,德恒,4
637,华创,4
638,大通,4
639,康恩贝,4
640,拜特,4
641,申银万国,4
642,参与,4
643,红太阳,4
644,春天,4
645,利用,4
646,伟星,4
647,持续,4
648,督导,4
649,半年度,4
650,天宏,4
651,影视文化,4
652,宏大,4
653,地点,4
654,华银,4
655,银座,4
656,数控,4
657,四川长虹,4
658,股东权益,4
659,佐力,4
660,北港,4
661,龙源,4
662,信邦,4
663,机床,4
664,柳州市,4
665,双飞,4
666,电器配件,4
667,星河,4
668,意见函,4
669,重工,4
670,号,4
671,新海,4
672,圣莱达,4
673,意向书,4
674,太平洋,4
675,生产线,4
676,研发,4
677,基地,4
678,之二,3
679,兰光,3
680,信息技术,3
681,新野,3
682,天通股份,3
683,润发,3
684,发生,3
685,业绩,3
686,变脸,3
687,情形,3
688,凯文,3
689,生物化工,3
690,浙富,3
691,中原,3
692,估计,3
693,钦州市,3
694,港口,3
695,化学工程,3
696,国兴,3
697,置业,3
698,大洲,3
699,瑛,3
700,明,3
701,注销,3
702,金诚,3
703,同达,3
704,交通,3
705,天利,3
706,拓日,3
707,新能,3
708,中投,3
709,华融,3
710,润,3
711,电机,3
712,复牌,3
713,美特,3
714,正平,3
715,东晶,3
716,财务数据,3
717,通达,3
718,流域,3
719,海问,3
720,天山纺织,3
721,西拓,3
722,说明会,3
723,太极集团,3
724,盘江,3
725,东升,3
726,庙,3
727,前期,3
728,差错,3
729,战略,3
730,资环,3
731,工程技术,3
732,华盛,3
733,投向,3
734,汇能,3
735,晨光,3
736,风范,3
737,上义,3
738,.%,3
739,煤炭,3
740,自有,3
741,医院,3
742,水利,3
743,经济,3
744,建工,3
745,所得税,3
746,雪峰,3
747,参股,3
748,金融,3
749,华通,3
750,昌河,3
751,及换,3
752,股,3
753,中百,3
754,金圆,3
755,佛塑,3
756,玻纤,3
757,立思辰,3
758,支付,3
759,转让款,3
760,药用,3
761,攀钢,3
762,一期,3
763,闽福发,3
764,天一,3
765,圣达,3
766,鑫科,3
767,梦舟,3
768,华邦,3
769,北岸,3
770,江山,3
771,东区,3
772,东莞,3
773,山东,3
774,会计师,3
775,合伙,3
776,委员会,3
777,新赛,3
778,渤海,3
779,天广,3
780,中茂,3
781,钦州,3
782,董事,3
783,矿业集团,3
784,备案,3
785,绿,3
786,邦,3
787,杰赛,3
788,航电,3
789,测,3
790,三环股份,3
791,金元,3
792,四川省,3
793,秦川,3
794,工具,3
795,政府,3
796,金钰,3
797,广日,3
798,飞机,3
799,通裕,3
800,概算,3
801,海南,3
802,国家,3
803,鼓励类,3
804,华孚色纺,3
805,筹划,3
806,红塔,3
807,贵阳,3
808,天泽,3
809,新能源,3
810,吉峰,3
811,农机,3
812,水务,3
813,申科,3
814,通化,3
815,金马,3
816,华英,3
817,租赁,3
818,华锦,3
819,同德,3
820,国际金融,3
821,恒通,3
822,喀什,3
823,石化,3
824,大连,3
825,平安,3
826,亿利,3
827,配件,3
828,华平,3
829,索道,3
830,深圳市,2
831,北京航天,2
832,威华,2
833,万,2
834,马,2
835,都江堰,2
836,对松德,2
837,影视,2
838,东方龙,2
839,辉,2
840,中企,2
841,华,2
842,中储,2
843,投入,2
844,徐工,2
845,工程机械,2
846,平庄,2
847,生物科技,2
848,拓尔思,2
849,新巴尔虎右旗,2
850,荣达,2
851,仁盈,2
852,赛马,2
853,吉电,2
854,威龙,2
855,盐化,2
856,高速公路,2
857,油漆,2
858,亚东,2
859,汇通,2
860,钛白,2
861,过渡期,2
862,长征,2
863,普通股,2
864,巨石,2
865,烽火,2
866,气体,2
867,兴,2
868,中绒,2
869,锐康,2
870,晶体,2
871,汇总,2
872,技术改造,2
873,牧业,2
874,净资产,2
875,港中旅,2
876,媒体,2
877,一心,2
878,堂,2
879,国金,2
880,分众,2
881,多媒体技术,2
882,日止,2
883,中色,2
884,东华,2
885,奥特,2
886,迅,2
887,西油,2
888,欧美,2
889,宋城,2
890,演艺,2
891,华侨,2
892,投资区,2
893,统一,2
894,侨虹,2
895,投资者,2
896,贵安,2
897,清新,2
898,财富,2
899,里昂,2
900,联建,2
901,海正药业,2
902,生物制药,2
903,三圣,2
904,特材,2
905,天津,2
906,立中,2
907,美丽,2
908,科工,2
909,研究院,2
910,消防,2
911,欣旺达,2
912,蒙草,2
913,抗旱,2
914,友好,2
915,巫溪县,2
916,溪河,2
917,重庆百货,2
918,大成,2
919,银川,2
920,技术开发区,2
921,合同书,2
922,MW,2
923,医疗,2
924,组建,2
925,武汉,2
926,便利店,2
927,交易所,2
928,临潭县,2
929,莲峰,2
930,武昌鱼,2
931,黔,2
932,德阳市,2
933,旌能,2
934,金城,2
935,整体,2
936,南岭,2
937,医药集团,2
938,中邦,2
939,国海,2
940,福建,2
941,福瑞,2
942,希,2
943,努尔,2
944,财务,2
945,凯,2
946,万泽,2
947,双奇,2
948,九发,2
949,爱康,2
950,增加,2
951,瑞安,2
952,禾嘉,2
953,国统,2
954,创新,2
955,海航,2
956,东洲,2
957,张掖市,2
958,龙汇,2
959,金点,2
960,延期,2
961,明欣,2
962,老百姓,2
963,包钢,2
964,零部件,2
965,兴蓉,2
966,成都市,2
967,扬帆,2
968,钧,2
969,主体,2
970,拖船,2
971,飞利信,2
972,天风,2
973,天坛生物,2
974,胜港,2
975,迪森,2
976,生物质能,2
977,集中供热,2
978,管材,2
979,保税,2
980,港区,2
981,盛港,2
982,炼石,2
983,北海,2
984,协议书,2
985,医药,2
986,港九,2
987,黄海,2
988,德力西,2
989,交通运输,2
990,格瑞特,2
991,首钢,2
992,重机,2
993,灵云,2
994,四方,2
995,峨眉山,2
996,宏润,2
997,青海省,2
998,并网,2
999,华金,2
1000,秦川发展,2
1001,上半年,2
1002,说明书,2
1003,通诚,2
1004,补助,2
1005,亚盛,2
1006,提供,2
1007,兆,2
1008,锦泰,2
1009,香雪,2
1010,东碳,2
1011,经纪,2
1012,日上,2
1013,高技术,2
1014,藏格,2
1015,京东方,2
1016,有色金属,2
1017,第号,2
1018,华西,2
1019,西宁,2
1020,特钢,2
1021,认定,2
1022,远东,2
1023,永祥,2
1024,器材,2
1025,陕,2
1026,中国证监会,2
1027,甘孜州,2
1028,融达,2
1029,锂业,2
1030,雅化,2
1031,梅林,2
1032,浩源,2
1033,客车,2
1034,终止,2
1035,深交所,2
1036,年报,2
1037,天马,2
1038,国开,2
1039,华宇,2
1040,电工,2
1041,之非,2
1042,书,2
1043,鸿达,2
1044,民族,2
1045,太阳能,2
1046,东莞市,2
1047,华林,2
1048,万商,2
1049,天勤,2
1050,中小板,2
1051,中安消,2
1052,事前,2
1053,卫星,2
1054,宝利,2
1055,筹,2
1056,数,2
1057,差异,2
1058,洁能,2
1059,八一,2
1060,丹甫,2
1061,景丰,2
1062,减免,2
1063,太阳,2
1064,恒泰长,2
1065,财,2
1066,提示性,2
1067,旭飞,2
1068,金洲,2
1069,慈航,2
1070,设备,2
1071,混凝土,2
1072,三特,2
1073,电脑,2
1074,自贡,2
1075,广电,2
1076,视讯,2
1077,网络,2
1078,英大,2
1079,银泰,2
1080,设计,2
1081,铟,2
1082,中核,2
1083,动力机械,2
1084,罗江县,2
1085,玉龙,2
1086,凯达,2
1087,澳广,1
1088,中创,1
1089,信测,1
1090,信威,1
1091,关联方,1
1092,华汇,1
1093,委托,1
1094,昌吉,1
1095,开发区,1
1096,龙,1
1097,云天化,1
1098,核准,1
1099,申请材料,1
1100,顺丰,1
1101,安洁,1
1102,星普,1
1103,医科,1
1104,西泵,1
1105,江利,1
1106,圣特,1
1107,机械制造,1
1108,鲲鹏,1
1109,自愿性,1
1110,宝硕,1
1111,高铁,1
1112,PC,1
1113,制品,1
1114,海润,1
1115,补充协议,1
1116,陕鼓,1
1117,复核,1
1118,总,1
1119,中银国际,1
1120,东安,1
1121,黑豹,1
1122,蓝天,1
1123,石油化学,1
1124,岑罗,1
1125,亚邦,1
1126,中油,1
1127,资本,1
1128,置入,1
1129,修改稿,1
1130,瀚,1
1131,庆安,1
1132,方正,1
1133,特种,1
1134,成立,1
1135,原煤,1
1136,伴生,1
1137,加工,1
1138,综合利用,1
1139,兰太,1
1140,中盐,1
1141,昆仑,1
1142,碱业,1
1143,提质,1
1144,增效,1
1145,大渡河,1
1146,猴子,1
1147,岩,1
1148,水电站,1
1149,美丰,1
1150,石河子,1
1151,花园,1
1152,迅游,1
1153,狮之吼,1
1154,英洛华,1
1155,利安隆,1
1156,宁夏回族自治区,1
1157,中卫市,1
1158,中葡,1
1159,稿,1
1160,古羌,1
1161,两江,1
1162,涉水,1
1163,公园,1
1164,整治,1
1165,PPP,1
1166,宏图,1
1167,冠农,1
1168,募投,1
1169,呼和浩特市,1
1170,易事,1
1171,特,1
1172,利亚德,1
1173,万科,1
1174,系统集成,1
1175,自筹,1
1176,可研,1
1177,泛华,1
1178,仪表,1
1179,配股,1
1180,园林景观,1
1181,中药,1
1182,天册,1
1183,汽研,1
1184,国融,1
1185,兴华,1
1186,贝因美,1
1187,敦化,1
1188,健,1
1189,煤,1
1190,广宇,1
1191,海伦,1
1192,哲,1
1193,拉曼,1
1194,茸航,1
1195,高分子,1
1196,鼎汉,1
1197,日,1
1198,恒力,1
1199,重庆百货大楼股份有限公司,1
1200,托管,1
1201,桂林,1
1202,桂林市,1
1203,环城,1
1204,水系,1
1205,经营性,1
1206,两个,1
1207,运销,1
1208,网络传媒,1
1209,双林,1
1210,材,1
1211,套,1
1212,复合材料,1
1213,叶片,1
1214,长安汽车,1
1215,恒康,1
1216,章源,1
1217,钨业,1
1218,张,1
1219,化机,1
1220,延华,1
1221,徐洪尧,1
1222,张国英,1
1223,洪尧,1
1224,园林绿化,1
1225,力帆,1
1226,重庆力帆,1
1227,发起,1
1228,保险公司,1
1229,方舟,1
1230,广告,1
1231,红星,1
1232,竞买,1
1233,东风,1
1234,产权,1
1235,伊力特,1
1236,富临,1
1237,运业,1
1238,北流市,1
1239,绿色,1
1240,能源开发,1
1241,之四,1
1242,新光,1
1243,圆成,1
1244,工业园,1
1245,气,1
1246,食品级,1
1247,二氧化碳,1
1248,重交,1
1249,遵义,1
1250,三岔,1
1251,生,1
1252,博通,1
1253,华力,1
1254,创通,1
1255,联美,1
1256,普耀,1
1257,新型建材,1
1258,盛路,1
1259,微波,1
1260,晨曦,1
1261,椒业,1
1262,天富,1
1263,分质,1
1264,转化,1
1265,九洲,1
1266,九州,1
1267,双环科技,1
1268,东桥,1
1269,今飞凯,1
1270,智光,1
1271,岭南,1
1272,母公司,1
1273,●,1
1274,非公,1
1275,普定县,1
1276,宏泰,1
1277,新泉,1
1278,鹏,1
1279,翎,1
1280,新欧,1
1281,华油,1
1282,自来水,1
1283,电源,1
1284,从兴,1
1285,剩余,1
1286,天坛,1
1287,生物制品,1
1288,小企业,1
1289,净利润,1
1290,华博,1
1291,南城,1
1292,南方建材,1
1293,泸天化,1
1294,富邦,1
1295,PTMEG,1
1296,广西北海,1
1297,工业园区,1
1298,精伊霍,1
1299,水定,1
1300,站,1
1301,专用线,1
1302,接轨,1
1303,磷,1
1304,玉溪,1
1305,远大,1
1306,节水型,1
1307,PE,1
1308,系列,1
1309,管件,1
1310,开心,1
1311,倍宁,1
1312,生物医药,1
1313,格润,1
1314,新型,1
1315,注塑件,1
1316,赣州市,1
1317,普特,1
1318,皇台,1
1319,酒业,1
1320,宜良县,1
1321,昆明制药,1
1322,北京华,1
1323,科泰,1
1324,迈克,1
1325,医学,1
1326,检测,1
1327,蓝星,1
1328,清洗,1
1329,明星,1
1330,贵绳,1
1331,申万,1
1332,黑牛,1
1333,传艺,1
1334,美泰,1
1335,拥有,1
1336,选矿,1
1337,中国国际金融有限公司,1
1338,天河,1
1339,潭,1
1340,道路,1
1341,富易,1
1342,陆家嘴,1
1343,泽昌,1
1344,购入,1
1345,受让,1
1346,毛条,1
1347,新兴,1
1348,铸管,1
1349,川,1
1350,刚察县,1
1351,兆瓦,1
1352,佛慈,1
1353,风险,1
1354,静,1
1355,N,1
1356,太极,1
1357,航空工业,1
1358,川西,1
1359,机器,1
1360,时间,1
1361,互联网络,1
1362,濮耐,1
1363,蓝帆,1
1364,庄园,1
1365,牧场,1
1366,万丰,1
1367,奥威,1
1368,万件,1
1369,铝合金,1
1370,车轮,1
1371,会展中心,1
1372,游轮,1
1373,中源,1
1374,协和,1
1375,拉萨,1
1376,群像,1
1377,文化传媒,1
1378,红宇,1
1379,茌平,1
1380,信源,1
1381,铝业,1
1382,经纬,1
1383,纺机,1
1384,基金,1
1385,金晶,1
1386,海外,1
1387,控股公司,1
1388,房地产,1
1389,钦廉,1
1390,减持,1
1391,二级,1
1392,单位,1
1393,巴郎,1
1394,河水,1
1395,相结合,1
1396,梁常清,1
1397,梁宝欣,1
1398,先得,1
1399,玉龙雪山,1
1400,印象,1
1401,文化产业,1
1402,上峰,1
1403,台州市,1
1404,阿克苏河,1
1405,雅视,1
1406,主营业务,1
1407,未,1
1408,致歉,1
1409,节水,1
1410,灌溉,1
1411,瑞丽市,1
1412,姐告,1
1413,宏宁,1
1414,跨境,1
1415,创意,1
1416,天沃,1
1417,圣济堂,1
1418,海南州,1
1419,共和县,1
1420,MWp,1
1421,甘肃省,1
1422,月份,1
1423,停牌,1
1424,分红,1
1425,收入,1
1426,雄震,1
1427,仁和,1
1428,闪亮,1
1429,投中,1
1430,答复,1
1431,苏州,1
1432,装饰,1
1433,顺鑫,1
1434,农业,1
1435,鑫,1
1436,大禹,1
1437,建筑工程,1
1438,桂东,1
1439,贺州市,1
1440,地税局,1
1441,不予,1
1442,决定书,1
1443,伊品,1
1444,元力,1
1445,以超募,1
1446,满洲里,1
1447,鑫富,1
1448,活性炭,1
1449,哈密,1
1450,德盛,1
1451,中车,1
1452,新视界,1
1453,眼科医院,1
1454,达华,1
1455,群英,1
1456,其所,1
1457,正广,1
1458,科陆,1
1459,拜城,1
1460,精制,1
1461,化学品,1
1462,申龙,1
1463,源正,1
1464,税收政策,1
1465,西夏,1
1466,教育,1
1467,顺络,1
1468,九龙,1
1469,远达,1
1470,房产,1
1471,顾家,1
1472,家居,1
1473,实杰,1
1474,启元,1
1475,标的,1
1476,瑞华,1
1477,浩物,1
1478,福,1
1479,伊尔,1
1480,内江,1
1481,高端,1
1482,舒泰,1
1483,眉山市,1
1484,东坡区,1
1485,代,1
1486,主动,1
1487,矩阵,1
1488,有机,1
1489,发光,1
1490,二极管,1
1491,显示器,1
1492,件,1
1493,AM,1
1494,OLED,1
1495,长岭,1
1496,丰华,1
1497,镁业,1
1498,建筑,1
1499,中海,1
1500,决议,1
1501,化学工业,1
1502,阿克苏,1
1503,化肥,1
1504,汽车贸易,1
1505,美克,1
1506,美克美,1
1507,家,1
1508,家具,1
1509,连锁,1
1510,安琪,1
1511,酵母,1
1512,湘财,1
1513,福建省,1
1514,隧道,1
1515,京威,1
1516,吉林省,1
1517,华翼,1
1518,向日葵,1
1519,电动,1
1520,动力系统,1
1521,云克,1
1522,硬质合金,1
1523,金谷,1
1524,源,1
1525,中国证券监督管理委员会,1
1526,并购,1
1527,委,1
1528,三期,1
1529,祥云,1
1530,飞龙再生,1
1531,开都河,1
1532,出资,1
1533,股份公司,1
1534,海际大,1
1535,东北,1
1536,山西,1
1537,中国嘉陵,1
1538,不需,1
1539,三次,1
1540,奥康,1
1541,红火,1
1542,鸟,1
1543,鞋业,1
1544,宝鸡,1
1545,沥青,1
1546,石油化工,1
1547,科教,1
1548,许可,1
1549,闲置,1
1550,保本,1
1551,型,1
1552,银行,1
1553,理财产品,1
1554,俏尔,1
1555,婷婷,1
1556,服饰,1
1557,咨询,1
1558,利润,1
1559,补偿,1
1560,首次,1
1561,结项,1
1562,永久性,1
1563,流动资金,1
1564,安,1
1565,可信,1
1566,广安,1
1567,爱众,1
1568,黑猫,1
1569,巴安,1
1570,富,1
1571,森美,1
1572,沣,1
1573,渭,1
1574,压缩机,1
1575,聚光,1
1576,科开,1
1577,永,1
1578,光电子,1
1579,国营,1
1580,八七,1
1581,三厂,1
1582,道博,1
1583,附录,1
1584,惠通,1
1585,食业,1
1586,包头,1
1587,云南铜业,1
1588,合金,1
1589,预,1
1590,森远,1
1591,三普,1
1592,美晨,1
1593,开源,1
1594,广州市,1
1595,成禧,1
1596,乌海市,1
1597,皇冠,1
1598,乌海,1
1599,浙江省,1
1600,鼎立,1
1601,局,1
1602,气化,1
1603,南疆,1
1604,液化,1
1605,工厂,1
1606,思特奇,1
1607,易信,1
1608,暂定名,1
1609,购置,1
1610,办公楼,1
1611,置出,1
1612,认购,1
1613,函中,1
1614,东湖,1
1615,修正稿,1
1616,工作,1
1617,大杨,1
1618,创世,1
1619,聚氯乙烯,1
1620,钢吉炭,1
1621,中钢,1
1622,长期,1
1623,佰能,1
1624,双环,1
1625,传动,1
1626,中山,1
1627,君泽君,1
1628,孙,1
1629,伊宁县,1
1630,万方,1
1631,商品,1
1632,对盛,1
1633,屯,1
1634,酒钢,1
1635,宏兴,1
1636,香港,1
1637,九益,1
1638,云杉坪,1
1639,宁波,1
1640,齐鲁,1
1641,损益,1
1642,版定,1
1643,吉林,1
1644,长平,1
1645,改扩建,1
1646,欧菲光,1
1647,互联网,1
1648,自筹资金,1
1649,鑫安,1
1650,所持,1
1651,蓬威,1
1652,环江,1
1653,远丰,1
1654,糖业,1
1655,曲江,1
1656,融和,1
1657,西牧,1
1658,湖北省,1
1659,楚天,1
1660,互助金,1
1661,圆,1
1662,阿拉善,1
1663,正式,1
1664,三洲,1
1665,川化,1
1666,机,1
1667,核能,1
1668,表,1
1669,上海东方,1
1670,川油,1
1671,勘察,1
1672,迪庆,1
1673,香格里拉,1
1674,拟将,1
1675,香电得荣,1
1676,东山,1
1677,精密,1
1678,Multi,1
1679,FinelineElectronix,1
1680,Inc,1
1681,清,1
1682,水源,1
1683,啤酒,1
1684,现代化,1
1685,包装,1
1686,生效,1
1687,骆驼,1
1688,中国建设银行,1
1689,方大,1
1690,贵州省,1
1691,桐梓县,1
1692,自查报告,1
1693,止个,1
1694,胜利,1
1695,地区,1
1696,盛达,1
1697,协鑫,1
1698,勘测,1
1699,百灵,1
1700,数码,1
1701,置信,1
1702,民用飞机,1
1703,中银,1
1704,绒业,1
1705,税率,1
1706,路通,1
1707,视信,1
1708,景宏视信,1
1709,中茵,1
1710,光大,1
1711,凌峰,1
1712,液压,1
1713,旷达,1
1714,织物,1
1715,建设工程,1
1716,宝莫,1
1717,新生代,1
1718,增支,1
1719,高,1
1720,淬透性,1
1721,球墨铸铁,1
1722,模具,1
1723,远望,1
1724,谷,1
1725,各方,1
1726,履约,1
1727,能力,1
1728,冬虫夏草,1
1729,交割,1
1730,过户,1
1731,补贴,1
1732,华伍,1
1733,安德,1
1734,银光,1
1735,通商,1
1736,连接器,1
1737,产业基地,1
1738,兴发,1
1739,煤层气,1
1740,落实,1
1741,股改,1
1742,优化,1
1743,方案,1
1744,欣网,1
1745,八达,1
1746,百花,1
1747,中汽,1
1748,天圆,1
1749,开评,1
1750,报字,1
1751,南昌,1
1752,两年,1
1753,泸州市,1
1754,果园,1
1755,集装箱,1
1756,区域,1
1757,总部,1
1758,及大,1
1759,数据,1
1760,运营,1
1761,电科院,1
1762,三方,1
1763,三川,1
1764,兰银,1
1765,重装,1
